horizon_label,horizon_ticks,tp_pct,sl_pct,win_rate,exp_val_pct,trades,profit_factor
25 ticks (~3-4s),25,0.1,0.1,15.73,-0.2112,979,0.0
25 ticks (~3-4s),25,0.1,0.12,31.49,-0.191,489,0.0
25 ticks (~3-4s),25,0.1,0.15,56.83,-0.1444,271,0.0
25 ticks (~3-4s),25,0.1,0.18,59.23,-0.1503,260,0.0
25 ticks (~3-4s),25,0.1,0.2,59.69,-0.157,258,0.0
25 ticks (~3-4s),25,0.1,0.25,78.97,-0.1067,195,0.0
25 ticks (~3-4s),25,0.1,0.3,100.0,-0.03,154,inf
25 ticks (~3-4s),25,0.1,0.35,100.0,-0.03,154,inf
25 ticks (~3-4s),25,0.12,0.1,6.88,-0.2288,886,0.0
25 ticks (~3-4s),25,0.12,0.12,15.4,-0.2257,396,0.0
25 ticks (~3-4s),25,0.12,0.15,34.27,-0.1973,178,0.0
25 ticks (~3-4s),25,0.12,0.18,36.53,-0.2099,167,0.0
25 ticks (~3-4s),25,0.12,0.2,36.97,-0.2212,165,0.0
25 ticks (~3-4s),25,0.12,0.25,59.8,-0.1648,102,0.0
25 ticks (~3-4s),25,0.12,0.3,100.0,-0.01,61,inf
25 ticks (~3-4s),25,0.12,0.35,100.0,-0.01,61,inf
25 ticks (~3-4s),25,0.15,0.1,0.72,-0.2431,831,0.001
25 ticks (~3-4s),25,0.15,0.12,1.76,-0.26,341,0.001
25 ticks (~3-4s),25,0.15,0.15,4.88,-0.2796,123,0.003
25 ticks (~3-4s),25,0.15,0.18,5.36,-0.3065,112,0.003
25 ticks (~3-4s),25,0.15,0.2,5.45,-0.3251,110,0.003
25 ticks (~3-4s),25,0.18,0.1,0.0,-0.245,825,0.0
25 ticks (~3-4s),25,0.18,0.12,0.0,-0.265,335,0.0
25 ticks (~3-4s),25,0.18,0.15,0.0,-0.295,117,0.0
25 ticks (~3-4s),25,0.18,0.18,0.0,-0.325,106,0.0
25 ticks (~3-4s),25,0.18,0.2,0.0,-0.345,104,0.0
25 ticks (~3-4s),25,0.2,0.1,0.0,-0.245,825,0.0
25 ticks (~3-4s),25,0.2,0.12,0.0,-0.265,335,0.0
25 ticks (~3-4s),25,0.2,0.15,0.0,-0.295,117,0.0
25 ticks (~3-4s),25,0.2,0.18,0.0,-0.325,106,0.0
25 ticks (~3-4s),25,0.2,0.2,0.0,-0.345,104,0.0
25 ticks (~3-4s),25,0.25,0.15,0.0,-0.295,117,0.0
25 ticks (~3-4s),25,0.25,0.18,0.0,-0.325,106,0.0
25 ticks (~3-4s),25,0.25,0.2,0.0,-0.345,104,0.0
25 ticks (~3-4s),25,0.3,0.15,0.0,-0.295,117,0.0
25 ticks (~3-4s),25,0.3,0.18,0.0,-0.325,106,0.0
25 ticks (~3-4s),25,0.3,0.2,0.0,-0.345,104,0.0
25 ticks (~3-4s),25,0.35,0.18,0.0,-0.325,106,0.0
25 ticks (~3-4s),25,0.35,0.2,0.0,-0.345,104,0.0
25 ticks (~3-4s),25,0.4,0.2,0.0,-0.345,104,0.0
50 ticks (~7-10s),50,0.1,0.1,22.75,-0.1961,3688,0.0
50 ticks (~7-10s),50,0.1,0.12,34.8,-0.1832,2411,0.0
50 ticks (~7-10s),50,0.1,0.15,59.93,-0.1362,1400,0.0
50 ticks (~7-10s),50,0.1,0.18,75.93,-0.101,1105,0.0
50 ticks (~7-10s),50,0.1,0.2,83.82,-0.081,1001,0.0
50 ticks (~7-10s),50,0.1,0.25,92.71,-0.0566,905,0.0
50 ticks (~7-10s),50,0.1,0.3,100.0,-0.03,839,inf
50 ticks (~7-10s),50,0.1,0.35,100.0,-0.03,839,inf
50 ticks (~7-10s),50,0.12,0.1,12.37,-0.2159,3251,0.0
50 ticks (~7-10s),50,0.12,0.12,20.36,-0.2131,1974,0.0
50 ticks (~7-10s),50,0.12,0.15,41.74,-0.176,963,0.0
50 ticks (~7-10s),50,0.12,0.18,60.18,-0.1354,668,0.0
50 ticks (~7-10s),50,0.12,0.2,71.28,-0.1062,564,0.0
50 ticks (~7-10s),50,0.12,0.25,85.9,-0.0643,468,0.0
50 ticks (~7-10s),50,0.12,0.3,100.0,-0.01,402,inf
50 ticks (~7-10s),50,0.12,0.35,100.0,-0.01,402,inf
50 ticks (~7-10s),50,0.15,0.1,4.62,-0.2328,2987,0.004
50 ticks (~7-10s),50,0.15,0.12,8.07,-0.242,1710,0.007
50 ticks (~7-10s),50,0.15,0.15,19.74,-0.2328,699,0.017
50 ticks (~7-10s),50,0.15,0.18,34.16,-0.2072,404,0.032
50 ticks (~7-10s),50,0.15,0.2,46.0,-0.1771,300,0.049
50 ticks (~7-10s),50,0.15,0.25,67.65,-0.1143,204,0.106
50 ticks (~7-10s),50,0.15,0.3,100.0,0.02,138,inf
50 ticks (~7-10s),50,0.15,0.35,100.0,0.02,138,inf
50 ticks (~7-10s),50,0.18,0.1,1.86,-0.2395,2903,0.004
50 ticks (~7-10s),50,0.18,0.12,3.32,-0.2545,1626,0.006
50 ticks (~7-10s),50,0.18,0.15,8.78,-0.2647,615,0.016
50 ticks (~7-10s),50,0.18,0.18,16.88,-0.2617,320,0.031
50 ticks (~7-10s),50,0.18,0.2,25.0,-0.2462,216,0.048
50 ticks (~7-10s),50,0.18,0.25,45.0,-0.1948,120,0.104
50 ticks (~7-10s),50,0.18,0.3,100.0,0.05,54,inf
50 ticks (~7-10s),50,0.18,0.35,100.0,0.05,54,inf
50 ticks (~7-10s),50,0.2,0.1,0.35,-0.2439,2859,0.001
50 ticks (~7-10s),50,0.2,0.12,0.63,-0.2629,1582,0.002
50 ticks (~7-10s),50,0.2,0.15,1.75,-0.2886,571,0.004
50 ticks (~7-10s),50,0.2,0.18,3.62,-0.3107,276,0.008
50 ticks (~7-10s),50,0.2,0.2,5.81,-0.3209,172,0.013
50 ticks (~7-10s),50,0.2,0.25,13.16,-0.3338,76,0.027
50 ticks (~7-10s),50,0.25,0.15,0.0,-0.295,561,0.0
50 ticks (~7-10s),50,0.25,0.18,0.0,-0.325,266,0.0
50 ticks (~7-10s),50,0.25,0.2,0.0,-0.345,162,0.0
50 ticks (~7-10s),50,0.25,0.25,0.0,-0.395,66,0.0
50 ticks (~7-10s),50,0.3,0.15,0.0,-0.295,561,0.0
50 ticks (~7-10s),50,0.3,0.18,0.0,-0.325,266,0.0
50 ticks (~7-10s),50,0.3,0.2,0.0,-0.345,162,0.0
50 ticks (~7-10s),50,0.3,0.25,0.0,-0.395,66,0.0
50 ticks (~7-10s),50,0.35,0.18,0.0,-0.325,266,0.0
50 ticks (~7-10s),50,0.35,0.2,0.0,-0.345,162,0.0
50 ticks (~7-10s),50,0.35,0.25,0.0,-0.395,66,0.0
50 ticks (~7-10s),50,0.4,0.2,0.0,-0.345,162,0.0
50 ticks (~7-10s),50,0.4,0.25,0.0,-0.395,66,0.0
50 ticks (~7-10s),50,0.5,0.25,0.0,-0.395,66,0.0
100 ticks (~15s),100,0.1,0.1,33.51,-0.173,10358,0.0
100 ticks (~15s),100,0.1,0.12,43.79,-0.1621,7938,0.0
100 ticks (~15s),100,0.1,0.15,60.6,-0.1344,5736,0.0
100 ticks (~15s),100,0.1,0.18,72.87,-0.11,4770,0.0
100 ticks (~15s),100,0.1,0.2,80.59,-0.0911,4313,0.0
100 ticks (~15s),100,0.1,0.25,94.12,-0.0514,3693,0.0
100 ticks (~15s),100,0.1,0.3,99.57,-0.0318,3491,0.0
100 ticks (~15s),100,0.1,0.35,99.8,-0.0309,3483,0.0
100 ticks (~15s),100,0.12,0.1,24.07,-0.1884,9077,0.0
100 ticks (~15s),100,0.12,0.12,32.87,-0.1812,6647,0.0
100 ticks (~15s),100,0.12,0.15,49.16,-0.1549,4445,0.0
100 ticks (~15s),100,0.12,0.18,62.81,-0.1272,3479,0.0
100 ticks (~15s),100,0.12,0.2,72.3,-0.1028,3022,0.0
100 ticks (~15s),100,0.12,0.25,90.97,-0.0448,2402,0.0
100 ticks (~15s),100,0.12,0.3,99.32,-0.013,2200,0.0
100 ticks (~15s),100,0.12,0.35,99.68,-0.0115,2192,0.0
100 ticks (~15s),100,0.15,0.1,12.67,-0.2114,7892,0.012
100 ticks (~15s),100,0.15,0.12,18.31,-0.2128,5462,0.017
100 ticks (~15s),100,0.15,0.15,30.67,-0.1984,3260,0.03
100 ticks (~15s),100,0.15,0.18,43.59,-0.1746,2294,0.048
100 ticks (~15s),100,0.15,0.2,54.44,-0.1463,1837,0.069
100 ticks (~15s),100,0.15,0.25,82.17,-0.054,1217,0.233
100 ticks (~15s),100,0.15,0.3,98.52,0.0131,1015,2.996
100 ticks (~15s),100,0.15,0.35,99.3,0.0164,1007,5.772
100 ticks (~15s),100,0.18,0.1,5.99,-0.2273,7331,0.013
100 ticks (~15s),100,0.18,0.12,8.96,-0.2368,4901,0.019
100 ticks (~15s),100,0.18,0.15,16.27,-0.2389,2699,0.033
100 ticks (~15s),100,0.18,0.18,25.33,-0.23,1733,0.052
100 ticks (~15s),100,0.18,0.2,34.4,-0.2091,1276,0.076
100 ticks (~15s),100,0.18,0.25,66.92,-0.0972,656,0.256
100 ticks (~15s),100,0.18,0.3,96.7,0.0336,454,3.288
100 ticks (~15s),100,0.18,0.35,98.43,0.0414,446,6.335
100 ticks (~15s),100,0.2,0.1,3.18,-0.235,7118,0.009
100 ticks (~15s),100,0.2,0.12,4.82,-0.2489,4688,0.013
100 ticks (~15s),100,0.2,0.15,9.09,-0.2618,2486,0.024
100 ticks (~15s),100,0.2,0.18,14.87,-0.2663,1520,0.038
100 ticks (~15s),100,0.2,0.2,21.26,-0.2568,1063,0.055
100 ticks (~15s),100,0.2,0.25,51.02,-0.1578,443,0.185
100 ticks (~15s),100,0.2,0.3,93.78,0.0379,241,2.37
100 ticks (~15s),100,0.2,0.35,97.0,0.053,233,4.566
100 ticks (~15s),100,0.25,0.15,1.99,-0.2867,2306,0.008
100 ticks (~15s),100,0.25,0.18,3.43,-0.3097,1340,0.013
100 ticks (~15s),100,0.25,0.2,5.21,-0.3208,883,0.019
100 ticks (~15s),100,0.25,0.25,17.49,-0.3049,263,0.064
100 ticks (~15s),100,0.25,0.3,75.41,-0.0189,61,0.827
100 ticks (~15s),100,0.25,0.35,86.79,0.0388,53,1.593
100 ticks (~15s),100,0.3,0.15,0.66,-0.2919,2275,0.004
100 ticks (~15s),100,0.3,0.18,1.15,-0.3193,1309,0.006
100 ticks (~15s),100,0.3,0.2,1.76,-0.3359,852,0.009
100 ticks (~15s),100,0.3,0.25,6.47,-0.3585,232,0.03
100 ticks (~15s),100,0.35,0.18,0.0,-0.325,1294,0.0
100 ticks (~15s),100,0.35,0.2,0.0,-0.345,837,0.0
100 ticks (~15s),100,0.35,0.25,0.0,-0.395,217,0.0
100 ticks (~15s),100,0.4,0.2,0.0,-0.345,837,0.0
100 ticks (~15s),100,0.4,0.25,0.0,-0.395,217,0.0
100 ticks (~15s),100,0.5,0.25,0.0,-0.395,217,0.0
250 ticks (~30-40s),250,0.1,0.1,42.15,-0.1544,24942,0.0
250 ticks (~30-40s),250,0.1,0.12,49.01,-0.1498,21656,0.0
250 ticks (~30-40s),250,0.1,0.15,59.73,-0.1367,17829,0.0
250 ticks (~30-40s),250,0.1,0.18,69.34,-0.1204,15362,0.0
250 ticks (~30-40s),250,0.1,0.2,74.22,-0.1112,14369,0.0
250 ticks (~30-40s),250,0.1,0.25,85.58,-0.0826,12469,0.0
250 ticks (~30-40s),250,0.1,0.3,91.87,-0.0637,11615,0.0
250 ticks (~30-40s),250,0.1,0.35,95.88,-0.0491,11129,0.0
250 ticks (~30-40s),250,0.12,0.1,35.17,-0.1623,22399,0.0
250 ticks (~30-40s),250,0.12,0.12,41.72,-0.1586,19029,0.0
250 ticks (~30-40s),250,0.12,0.15,52.47,-0.1455,15166,0.0
250 ticks (~30-40s),250,0.12,0.18,62.67,-0.1276,12697,0.0
250 ticks (~30-40s),250,0.12,0.2,68.17,-0.1166,11672,0.0
250 ticks (~30-40s),250,0.12,0.25,81.56,-0.081,9760,0.0
250 ticks (~30-40s),250,0.12,0.3,89.4,-0.0561,8904,0.0
250 ticks (~30-40s),250,0.12,0.35,94.56,-0.0364,8418,0.0
250 ticks (~30-40s),250,0.15,0.1,26.37,-0.1751,19770,0.029
250 ticks (~30-40s),250,0.15,0.12,32.11,-0.1735,16354,0.036
250 ticks (~30-40s),250,0.15,0.15,42.18,-0.1621,12476,0.049
250 ticks (~30-40s),250,0.15,0.18,52.59,-0.1436,10007,0.068
250 ticks (~30-40s),250,0.15,0.2,58.59,-0.1311,8982,0.082
250 ticks (~30-40s),250,0.15,0.25,74.52,-0.0858,7063,0.148
250 ticks (~30-40s),250,0.15,0.3,84.79,-0.0507,6207,0.251
250 ticks (~30-40s),250,0.15,0.35,91.99,-0.0212,5721,0.464
250 ticks (~30-40s),250,0.18,0.1,20.26,-0.1852,18275,0.052
250 ticks (~30-40s),250,0.18,0.12,25.13,-0.1858,14836,0.063
250 ticks (~30-40s),250,0.18,0.15,34.11,-0.1773,10947,0.088
250 ticks (~30-40s),250,0.18,0.18,44.04,-0.1598,8478,0.121
250 ticks (~30-40s),250,0.18,0.2,50.1,-0.1471,7453,0.146
250 ticks (~30-40s),250,0.18,0.25,67.47,-0.0947,5534,0.263
250 ticks (~30-40s),250,0.18,0.3,79.82,-0.0499,4678,0.444
250 ticks (~30-40s),250,0.18,0.35,89.07,-0.0095,4192,0.824
250 ticks (~30-40s),250,0.2,0.1,15.84,-0.1951,17320,0.054
250 ticks (~30-40s),250,0.2,0.12,19.92,-0.1983,13872,0.066
250 ticks (~30-40s),250,0.2,0.15,27.75,-0.1937,9983,0.091
250 ticks (~30-40s),250,0.2,0.18,36.86,-0.1794,7514,0.126
250 ticks (~30-40s),250,0.2,0.2,42.69,-0.1678,6489,0.151
250 ticks (~30-40s),250,0.2,0.25,60.61,-0.1132,4570,0.273
250 ticks (~30-40s),250,0.2,0.3,74.58,-0.0609,3714,0.462
250 ticks (~30-40s),250,0.2,0.35,85.81,-0.0102,3228,0.855
250 ticks (~30-40s),250,0.25,0.15,13.7,-0.2381,8358,0.065
250 ticks (~30-40s),250,0.25,0.18,19.44,-0.2385,5889,0.089
250 ticks (~30-40s),250,0.25,0.2,23.54,-0.2355,4864,0.107
250 ticks (~30-40s),250,0.25,0.25,38.88,-0.1948,2945,0.193
250 ticks (~30-40s),250,0.25,0.3,54.81,-0.1353,2089,0.327
250 ticks (~30-40s),250,0.25,0.35,71.43,-0.0557,1603,0.606
250 ticks (~30-40s),250,0.3,0.15,4.63,-0.2735,7563,0.028
250 ticks (~30-40s),250,0.3,0.18,6.87,-0.291,5094,0.039
250 ticks (~30-40s),250,0.3,0.2,8.6,-0.3007,4069,0.046
250 ticks (~30-40s),250,0.3,0.25,16.28,-0.303,2150,0.084
250 ticks (~30-40s),250,0.3,0.3,27.05,-0.2787,1294,0.142
250 ticks (~30-40s),250,0.3,0.35,43.32,-0.2069,808,0.262
250 ticks (~30-40s),250,0.35,0.18,1.35,-0.3176,4809,0.009
250 ticks (~30-40s),250,0.35,0.2,1.72,-0.3353,3784,0.011
250 ticks (~30-40s),250,0.35,0.25,3.49,-0.3736,1865,0.02
250 ticks (~30-40s),250,0.35,0.3,6.44,-0.4022,1009,0.034
250 ticks (~30-40s),250,0.35,0.35,12.43,-0.4061,523,0.063
250 ticks (~30-40s),250,0.4,0.2,0.13,-0.3442,3724,0.001
250 ticks (~30-40s),250,0.4,0.25,0.28,-0.3932,1805,0.002
250 ticks (~30-40s),250,0.4,0.3,0.53,-0.4412,949,0.003
250 ticks (~30-40s),250,0.4,0.35,1.08,-0.4867,463,0.006
250 ticks (~30-40s),250,0.5,0.25,0.0,-0.395,1800,0.0
250 ticks (~30-40s),250,0.5,0.3,0.0,-0.445,944,0.0
250 ticks (~30-40s),250,0.5,0.35,0.0,-0.495,458,0.0
500 ticks (~1min),500,0.1,0.1,47.11,-0.1437,38113,0.0
500 ticks (~1min),500,0.1,0.12,52.78,-0.141,34799,0.0
500 ticks (~1min),500,0.1,0.15,60.99,-0.1334,30738,0.0
500 ticks (~1min),500,0.1,0.18,68.16,-0.1239,27809,0.0
500 ticks (~1min),500,0.1,0.2,71.7,-0.1191,26564,0.0
500 ticks (~1min),500,0.1,0.25,79.97,-0.1031,23948,0.0
500 ticks (~1min),500,0.1,0.3,87.67,-0.0812,21921,0.0
500 ticks (~1min),500,0.1,0.35,93.2,-0.0616,20629,0.0
500 ticks (~1min),500,0.12,0.1,42.18,-0.1459,35598,0.0
500 ticks (~1min),500,0.12,0.12,47.77,-0.1432,32083,0.0
500 ticks (~1min),500,0.12,0.15,56.13,-0.135,27909,0.0
500 ticks (~1min),500,0.12,0.18,63.67,-0.1244,24852,0.0
500 ticks (~1min),500,0.12,0.2,67.48,-0.1189,23571,0.0
500 ticks (~1min),500,0.12,0.25,76.5,-0.1005,20912,0.0
500 ticks (~1min),500,0.12,0.3,85.49,-0.0731,18750,0.0
500 ticks (~1min),500,0.12,0.35,91.95,-0.049,17436,0.0
500 ticks (~1min),500,0.15,0.1,34.41,-0.1538,31926,0.043
500 ticks (~1min),500,0.15,0.12,39.68,-0.1519,28280,0.05
500 ticks (~1min),500,0.15,0.15,47.96,-0.1439,23969,0.062
500 ticks (~1min),500,0.15,0.18,55.77,-0.1326,20834,0.078
500 ticks (~1min),500,0.15,0.2,59.96,-0.1261,19442,0.087
500 ticks (~1min),500,0.15,0.25,70.22,-0.1036,16685,0.119
500 ticks (~1min),500,0.15,0.3,81.17,-0.0676,14444,0.194
500 ticks (~1min),500,0.15,0.35,89.31,-0.035,13130,0.338
500 ticks (~1min),500,0.18,0.1,27.52,-0.1638,29229,0.077
500 ticks (~1min),500,0.18,0.12,32.18,-0.1636,25465,0.09
500 ticks (~1min),500,0.18,0.15,39.9,-0.1574,20974,0.113
500 ticks (~1min),500,0.18,0.18,47.59,-0.1466,17728,0.14
500 ticks (~1min),500,0.18,0.2,51.88,-0.1401,16311,0.156
500 ticks (~1min),500,0.18,0.25,63.0,-0.1147,13474,0.215
500 ticks (~1min),500,0.18,0.3,75.68,-0.0704,11215,0.35
500 ticks (~1min),500,0.18,0.35,85.82,-0.0273,9891,0.611
500 ticks (~1min),500,0.2,0.1,24.57,-0.1676,28220,0.093
500 ticks (~1min),500,0.2,0.12,28.86,-0.1683,24391,0.107
500 ticks (~1min),500,0.2,0.15,36.14,-0.1631,19829,0.134
500 ticks (~1min),500,0.2,0.18,43.59,-0.1528,16529,0.166
500 ticks (~1min),500,0.2,0.2,47.84,-0.1465,15093,0.186
500 ticks (~1min),500,0.2,0.25,59.17,-0.1199,12212,0.257
500 ticks (~1min),500,0.2,0.3,72.6,-0.0711,9953,0.417
500 ticks (~1min),500,0.2,0.35,83.74,-0.0219,8629,0.728
500 ticks (~1min),500,0.25,0.15,26.78,-0.1838,17354,0.149
500 ticks (~1min),500,0.25,0.18,33.22,-0.1772,13992,0.184
500 ticks (~1min),500,0.25,0.2,37.11,-0.1724,12525,0.205
500 ticks (~1min),500,0.25,0.25,48.25,-0.1465,9634,0.283
500 ticks (~1min),500,0.25,0.3,63.02,-0.0889,7375,0.46
500 ticks (~1min),500,0.25,0.35,76.81,-0.0226,6051,0.803
500 ticks (~1min),500,0.3,0.15,18.88,-0.2072,15664,0.134
500 ticks (~1min),500,0.3,0.18,24.04,-0.206,12302,0.166
500 ticks (~1min),500,0.3,0.2,27.3,-0.2044,10835,0.185
500 ticks (~1min),500,0.3,0.25,37.24,-0.1846,7944,0.255
500 ticks (~1min),500,0.3,0.3,52.03,-0.125,5685,0.414
500 ticks (~1min),500,0.3,0.35,67.83,-0.0439,4361,0.724
500 ticks (~1min),500,0.35,0.18,14.4,-0.2465,10916,0.114
500 ticks (~1min),500,0.35,0.2,16.64,-0.251,9449,0.127
500 ticks (~1min),500,0.35,0.25,23.97,-0.2476,6558,0.176
500 ticks (~1min),500,0.35,0.3,36.57,-0.2018,4299,0.285
500 ticks (~1min),500,0.35,0.35,52.84,-0.1172,2975,0.498
500 ticks (~1min),500,0.4,0.2,9.7,-0.2854,8723,0.084
500 ticks (~1min),500,0.4,0.25,14.51,-0.2985,5832,0.116
500 ticks (~1min),500,0.4,0.3,23.68,-0.2757,3573,0.188
500 ticks (~1min),500,0.4,0.35,37.62,-0.2072,2249,0.329
500 ticks (~1min),500,0.5,0.25,3.24,-0.3702,5153,0.031
500 ticks (~1min),500,0.5,0.3,5.77,-0.398,2894,0.051
500 ticks (~1min),500,0.5,0.35,10.64,-0.403,1570,0.089
1000 ticks (~2min),1000,0.1,0.1,52.03,-0.1331,46662,0.0
1000 ticks (~2min),1000,0.1,0.12,56.49,-0.1323,45539,0.0
1000 ticks (~2min),1000,0.1,0.15,63.0,-0.128,43082,0.0
1000 ticks (~2min),1000,0.1,0.18,68.35,-0.1234,40890,0.0
1000 ticks (~2min),1000,0.1,0.2,70.78,-0.1221,39849,0.0
1000 ticks (~2min),1000,0.1,0.25,75.98,-0.1177,37838,0.0
1000 ticks (~2min),1000,0.1,0.3,80.93,-0.1091,35784,0.0
1000 ticks (~2min),1000,0.1,0.35,86.58,-0.0924,33604,0.0
1000 ticks (~2min),1000,0.12,0.1,47.97,-0.1323,45284,0.0
1000 ticks (~2min),1000,0.12,0.12,52.56,-0.131,43807,0.0
1000 ticks (~2min),1000,0.12,0.15,59.34,-0.1259,41058,0.0
1000 ticks (~2min),1000,0.12,0.18,65.01,-0.1202,38598,0.0
1000 ticks (~2min),1000,0.12,0.2,67.64,-0.1184,37410,0.0
1000 ticks (~2min),1000,0.12,0.25,73.37,-0.1125,35189,0.0
1000 ticks (~2min),1000,0.12,0.3,78.75,-0.1024,33037,0.0
1000 ticks (~2min),1000,0.12,0.35,85.04,-0.0826,30722,0.0
1000 ticks (~2min),1000,0.15,0.1,41.88,-0.134,42978,0.059
1000 ticks (~2min),1000,0.15,0.12,46.36,-0.1329,41019,0.065
1000 ticks (~2min),1000,0.15,0.15,53.28,-0.1272,37694,0.077
1000 ticks (~2min),1000,0.15,0.18,59.27,-0.1205,34874,0.09
1000 ticks (~2min),1000,0.15,0.2,62.0,-0.1187,33645,0.095
1000 ticks (~2min),1000,0.15,0.25,68.58,-0.1104,30906,0.111
1000 ticks (~2min),1000,0.15,0.3,74.79,-0.0972,28502,0.133
1000 ticks (~2min),1000,0.15,0.35,82.03,-0.0726,26106,0.184
1000 ticks (~2min),1000,0.18,0.1,35.47,-0.1404,40029,0.112
1000 ticks (~2min),1000,0.18,0.12,39.72,-0.1399,37716,0.124
1000 ticks (~2min),1000,0.18,0.15,46.58,-0.1343,34074,0.148
1000 ticks (~2min),1000,0.18,0.18,52.69,-0.1274,30828,0.171
1000 ticks (~2min),1000,0.18,0.2,55.54,-0.1256,29508,0.181
1000 ticks (~2min),1000,0.18,0.25,62.66,-0.1162,26569,0.212
1000 ticks (~2min),1000,0.18,0.3,69.58,-0.1006,24027,0.257
1000 ticks (~2min),1000,0.18,0.35,78.01,-0.0699,21508,0.358
1000 ticks (~2min),1000,0.2,0.1,32.15,-0.1437,38642,0.135
1000 ticks (~2min),1000,0.2,0.12,36.2,-0.1437,36173,0.15
1000 ticks (~2min),1000,0.2,0.15,42.87,-0.1385,32318,0.178
1000 ticks (~2min),1000,0.2,0.18,48.88,-0.1319,28890,0.206
1000 ticks (~2min),1000,0.2,0.2,51.75,-0.1302,27533,0.218
1000 ticks (~2min),1000,0.2,0.25,59.06,-0.1204,24452,0.256
1000 ticks (~2min),1000,0.2,0.3,66.27,-0.1037,21871,0.309
1000 ticks (~2min),1000,0.2,0.35,75.42,-0.0689,19245,0.434
1000 ticks (~2min),1000,0.25,0.15,33.31,-0.1568,28150,0.203
1000 ticks (~2min),1000,0.25,0.18,38.87,-0.152,24584,0.235
1000 ticks (~2min),1000,0.25,0.2,41.61,-0.1515,23122,0.248
1000 ticks (~2min),1000,0.25,0.25,48.94,-0.143,19771,0.291
1000 ticks (~2min),1000,0.25,0.3,56.65,-0.1249,17093,0.352
1000 ticks (~2min),1000,0.25,0.35,67.18,-0.0818,14413,0.496
1000 ticks (~2min),1000,0.3,0.15,27.46,-0.1673,26064,0.218
1000 ticks (~2min),1000,0.3,0.18,32.34,-0.1649,22313,0.25
1000 ticks (~2min),1000,0.3,0.2,34.87,-0.1654,20793,0.264
1000 ticks (~2min),1000,0.3,0.25,41.8,-0.1588,17362,0.309
1000 ticks (~2min),1000,0.3,0.3,49.48,-0.1407,14668,0.374
1000 ticks (~2min),1000,0.3,0.35,60.54,-0.0924,11988,0.527
1000 ticks (~2min),1000,0.35,0.18,26.12,-0.1827,20466,0.239
1000 ticks (~2min),1000,0.35,0.2,28.29,-0.1852,18894,0.252
1000 ticks (~2min),1000,0.35,0.25,34.6,-0.1822,15449,0.295
1000 ticks (~2min),1000,0.35,0.3,41.91,-0.1663,12755,0.357
1000 ticks (~2min),1000,0.35,0.35,53.05,-0.1157,10075,0.502
1000 ticks (~2min),1000,0.4,0.2,22.52,-0.2065,17486,0.227
1000 ticks (~2min),1000,0.4,0.25,28.04,-0.2085,14041,0.266
1000 ticks (~2min),1000,0.4,0.3,34.7,-0.1969,11347,0.322
1000 ticks (~2min),1000,0.4,0.35,45.43,-0.1475,8667,0.454
1000 ticks (~2min),1000,0.5,0.25,17.36,-0.2622,12226,0.197
1000 ticks (~2min),1000,0.5,0.3,22.26,-0.2636,9532,0.238
1000 ticks (~2min),1000,0.5,0.35,30.97,-0.2271,6852,0.335
2000 ticks (~3-5min),2000,0.1,0.1,54.89,-0.127,48146,0.0
2000 ticks (~3-5min),2000,0.1,0.12,59.84,-0.1244,48026,0.0
2000 ticks (~3-5min),2000,0.1,0.15,65.42,-0.1216,47546,0.0
2000 ticks (~3-5min),2000,0.1,0.18,69.53,-0.1199,46990,0.0
2000 ticks (~3-5min),2000,0.1,0.2,71.26,-0.1205,46868,0.0
2000 ticks (~3-5min),2000,0.1,0.25,75.27,-0.1203,46139,0.0
2000 ticks (~3-5min),2000,0.1,0.3,78.55,-0.119,44989,0.0
2000 ticks (~3-5min),2000,0.1,0.35,83.92,-0.1048,42562,0.0
2000 ticks (~3-5min),2000,0.12,0.1,51.8,-0.1233,48083,0.0
2000 ticks (~3-5min),2000,0.12,0.12,56.95,-0.1198,47910,0.0
2000 ticks (~3-5min),2000,0.12,0.15,62.79,-0.1161,47324,0.0
2000 ticks (~3-5min),2000,0.12,0.18,67.16,-0.1134,46636,0.0
2000 ticks (~3-5min),2000,0.12,0.2,69.02,-0.1138,46500,0.0
2000 ticks (~3-5min),2000,0.12,0.25,73.56,-0.1118,45428,0.0
2000 ticks (~3-5min),2000,0.12,0.3,77.05,-0.1098,44197,0.0
2000 ticks (~3-5min),2000,0.12,0.35,82.87,-0.0931,41521,0.0
2000 ticks (~3-5min),2000,0.15,0.1,47.34,-0.1195,47715,0.073
2000 ticks (~3-5min),2000,0.15,0.12,52.6,-0.1151,47387,0.084
2000 ticks (~3-5min),2000,0.15,0.15,58.65,-0.1103,46594,0.096
2000 ticks (~3-5min),2000,0.15,0.18,63.28,-0.1067,45663,0.106
2000 ticks (~3-5min),2000,0.15,0.2,65.4,-0.1063,45222,0.11
2000 ticks (~3-5min),2000,0.15,0.25,70.5,-0.1024,43729,0.121
2000 ticks (~3-5min),2000,0.15,0.3,74.69,-0.0977,41957,0.133
2000 ticks (~3-5min),2000,0.15,0.35,80.94,-0.0782,39155,0.172
2000 ticks (~3-5min),2000,0.18,0.1,43.38,-0.117,47262,0.156
2000 ticks (~3-5min),2000,0.18,0.12,48.57,-0.112,46644,0.178
2000 ticks (~3-5min),2000,0.18,0.15,54.67,-0.1064,45552,0.204
2000 ticks (~3-5min),2000,0.18,0.18,59.47,-0.102,44148,0.226
2000 ticks (~3-5min),2000,0.18,0.2,61.69,-0.1013,43613,0.233
2000 ticks (~3-5min),2000,0.18,0.25,67.21,-0.0959,41653,0.259
2000 ticks (~3-5min),2000,0.18,0.3,71.79,-0.0897,39530,0.286
2000 ticks (~3-5min),2000,0.18,0.35,78.59,-0.0667,36468,0.371
2000 ticks (~3-5min),2000,0.2,0.1,41.21,-0.1152,46892,0.2
2000 ticks (~3-5min),2000,0.2,0.12,46.36,-0.1097,46206,0.228
2000 ticks (~3-5min),2000,0.2,0.15,52.43,-0.1036,44894,0.261
2000 ticks (~3-5min),2000,0.2,0.18,57.23,-0.0989,43345,0.288
2000 ticks (~3-5min),2000,0.2,0.2,59.53,-0.0979,42515,0.298
2000 ticks (~3-5min),2000,0.2,0.25,65.33,-0.0912,40173,0.334
2000 ticks (~3-5min),2000,0.2,0.3,70.01,-0.0845,38022,0.367
2000 ticks (~3-5min),2000,0.2,0.35,77.12,-0.0593,34822,0.477
2000 ticks (~3-5min),2000,0.25,0.15,43.66,-0.1138,40419,0.315
2000 ticks (~3-5min),2000,0.25,0.18,48.41,-0.1096,38161,0.347
2000 ticks (~3-5min),2000,0.25,0.2,50.75,-0.109,36984,0.358
2000 ticks (~3-5min),2000,0.25,0.25,57.05,-0.1012,33664,0.404
2000 ticks (~3-5min),2000,0.25,0.3,62.32,-0.0929,31190,0.446
2000 ticks (~3-5min),2000,0.25,0.35,70.61,-0.0608,27720,0.582
2000 ticks (~3-5min),2000,0.3,0.15,35.88,-0.1282,36309,0.322
2000 ticks (~3-5min),2000,0.3,0.18,40.35,-0.1253,33547,0.354
2000 ticks (~3-5min),2000,0.3,0.2,42.69,-0.1251,32294,0.367
2000 ticks (~3-5min),2000,0.3,0.25,49.05,-0.1178,28787,0.414
2000 ticks (~3-5min),2000,0.3,0.3,54.57,-0.1094,26174,0.459
2000 ticks (~3-5min),2000,0.3,0.35,63.64,-0.0718,22559,0.601
2000 ticks (~3-5min),2000,0.35,0.18,33.94,-0.14,30736,0.348
2000 ticks (~3-5min),2000,0.35,0.2,36.07,-0.1412,29322,0.36
2000 ticks (~3-5min),2000,0.35,0.25,42.08,-0.1362,25601,0.405
2000 ticks (~3-5min),2000,0.35,0.3,47.49,-0.1292,22782,0.447
2000 ticks (~3-5min),2000,0.35,0.35,56.88,-0.0883,19021,0.586
2000 ticks (~3-5min),2000,0.4,0.2,31.14,-0.1535,27339,0.354
2000 ticks (~3-5min),2000,0.4,0.25,36.75,-0.1506,23498,0.397
2000 ticks (~3-5min),2000,0.4,0.3,41.92,-0.1452,20599,0.438
2000 ticks (~3-5min),2000,0.4,0.35,51.29,-0.1026,16838,0.574
2000 ticks (~3-5min),2000,0.5,0.25,30.27,-0.1635,21313,0.407
2000 ticks (~3-5min),2000,0.5,0.3,35.03,-0.1595,18414,0.448
2000 ticks (~3-5min),2000,0.5,0.35,44.03,-0.1142,14653,0.588
5000 ticks (~10min),5000,0.1,0.1,57.45,-0.1215,45210,0.0
5000 ticks (~10min),5000,0.1,0.12,62.39,-0.1184,45210,0.0
5000 ticks (~10min),5000,0.1,0.15,68.36,-0.1138,45210,0.0
5000 ticks (~10min),5000,0.1,0.18,73.14,-0.1092,45210,0.0
5000 ticks (~10min),5000,0.1,0.2,75.51,-0.1071,45210,0.0
5000 ticks (~10min),5000,0.1,0.25,80.95,-0.0995,45210,0.0
5000 ticks (~10min),5000,0.1,0.3,83.87,-0.097,45210,0.0
5000 ticks (~10min),5000,0.1,0.35,86.17,-0.0943,45187,0.0
5000 ticks (~10min),5000,0.12,0.1,53.51,-0.1192,45210,0.0
5000 ticks (~10min),5000,0.12,0.12,58.55,-0.1157,45210,0.0
5000 ticks (~10min),5000,0.12,0.15,64.77,-0.1104,45210,0.0
5000 ticks (~10min),5000,0.12,0.18,69.83,-0.105,45210,0.0
5000 ticks (~10min),5000,0.12,0.2,72.36,-0.1026,45210,0.0
5000 ticks (~10min),5000,0.12,0.25,78.28,-0.0936,45210,0.0
5000 ticks (~10min),5000,0.12,0.3,81.46,-0.0906,45210,0.0
5000 ticks (~10min),5000,0.12,0.35,84.02,-0.0875,45168,0.0
5000 ticks (~10min),5000,0.15,0.1,48.18,-0.1173,45210,0.076
5000 ticks (~10min),5000,0.15,0.12,53.19,-0.1134,45210,0.086
5000 ticks (~10min),5000,0.15,0.15,59.51,-0.1075,45210,0.1
5000 ticks (~10min),5000,0.15,0.18,64.78,-0.1015,45210,0.113
5000 ticks (~10min),5000,0.15,0.2,67.44,-0.0988,45210,0.12
5000 ticks (~10min),5000,0.15,0.25,73.82,-0.0886,45210,0.143
5000 ticks (~10min),5000,0.15,0.3,77.36,-0.0853,45080,0.154
5000 ticks (~10min),5000,0.15,0.35,80.79,-0.0789,44480,0.17
5000 ticks (~10min),5000,0.18,0.1,44.01,-0.1152,45210,0.16
5000 ticks (~10min),5000,0.18,0.12,48.91,-0.1109,45210,0.181
5000 ticks (~10min),5000,0.18,0.15,55.22,-0.1045,45210,0.209
5000 ticks (~10min),5000,0.18,0.18,60.59,-0.0978,45210,0.237
5000 ticks (~10min),5000,0.18,0.2,63.31,-0.0949,45210,0.25
5000 ticks (~10min),5000,0.18,0.25,70.0,-0.0835,45210,0.295
5000 ticks (~10min),5000,0.18,0.3,74.1,-0.0782,44533,0.321
5000 ticks (~10min),5000,0.18,0.35,78.21,-0.0687,43399,0.363
5000 ticks (~10min),5000,0.2,0.1,41.92,-0.113,45210,0.206
5000 ticks (~10min),5000,0.2,0.12,46.76,-0.1083,45210,0.232
5000 ticks (~10min),5000,0.2,0.15,53.07,-0.1013,45210,0.268
5000 ticks (~10min),5000,0.2,0.18,58.5,-0.0939,45210,0.304
5000 ticks (~10min),5000,0.2,0.2,61.25,-0.0908,45210,0.321
5000 ticks (~10min),5000,0.2,0.25,68.17,-0.078,45121,0.379
5000 ticks (~10min),5000,0.2,0.3,72.58,-0.0712,44068,0.416
5000 ticks (~10min),5000,0.2,0.35,76.86,-0.0607,42846,0.47
5000 ticks (~10min),5000,0.25,0.15,47.83,-0.0965,45210,0.373
5000 ticks (~10min),5000,0.25,0.18,53.21,-0.0882,45210,0.42
5000 ticks (~10min),5000,0.25,0.2,55.95,-0.0848,45133,0.442
5000 ticks (~10min),5000,0.25,0.25,63.54,-0.0678,43444,0.529
5000 ticks (~10min),5000,0.25,0.3,68.23,-0.0595,42151,0.579
5000 ticks (~10min),5000,0.25,0.35,72.9,-0.0467,40655,0.652
5000 ticks (~10min),5000,0.3,0.15,43.95,-0.0907,45027,0.452
5000 ticks (~10min),5000,0.3,0.18,49.13,-0.0818,44444,0.505
5000 ticks (~10min),5000,0.3,0.2,51.84,-0.078,44076,0.53
5000 ticks (~10min),5000,0.3,0.25,59.61,-0.0582,41757,0.635
5000 ticks (~10min),5000,0.3,0.3,64.43,-0.0487,40376,0.692
5000 ticks (~10min),5000,0.3,0.35,69.61,-0.0321,38234,0.787
5000 ticks (~10min),5000,0.35,0.18,46.61,-0.071,43914,0.591
5000 ticks (~10min),5000,0.35,0.2,49.29,-0.0665,43388,0.62
5000 ticks (~10min),5000,0.35,0.25,57.11,-0.0438,40814,0.741
5000 ticks (~10min),5000,0.35,0.3,62.07,-0.0322,39062,0.809
5000 ticks (~10min),5000,0.35,0.35,67.53,-0.0121,36489,0.924
5000 ticks (~10min),5000,0.4,0.2,45.68,-0.064,41852,0.658
5000 ticks (~10min),5000,0.4,0.25,53.41,-0.0398,38606,0.784
5000 ticks (~10min),5000,0.4,0.3,58.54,-0.0264,36046,0.857
5000 ticks (~10min),5000,0.4,0.35,64.27,-0.0034,33472,0.981
5000 ticks (~10min),5000,0.5,0.25,43.99,-0.0585,32476,0.736
5000 ticks (~10min),5000,0.5,0.3,49.43,-0.0422,29916,0.813
5000 ticks (~10min),5000,0.5,0.35,55.65,-0.0136,27240,0.938
10000 ticks (~20min),10000,0.1,0.1,60.57,-0.1148,40210,0.0
10000 ticks (~20min),10000,0.1,0.12,65.66,-0.1107,40210,0.0
10000 ticks (~20min),10000,0.1,0.15,71.66,-0.1051,40210,0.0
10000 ticks (~20min),10000,0.1,0.18,76.59,-0.0991,40210,0.0
10000 ticks (~20min),10000,0.1,0.2,79.16,-0.0956,40210,0.0
10000 ticks (~20min),10000,0.1,0.25,84.8,-0.0855,40210,0.0
10000 ticks (~20min),10000,0.1,0.3,87.97,-0.0799,40210,0.0
10000 ticks (~20min),10000,0.1,0.35,90.29,-0.0751,40210,0.0
10000 ticks (~20min),10000,0.12,0.1,56.95,-0.1112,40210,0.0
10000 ticks (~20min),10000,0.12,0.12,62.2,-0.1064,40210,0.0
10000 ticks (~20min),10000,0.12,0.15,68.47,-0.0998,40210,0.0
10000 ticks (~20min),10000,0.12,0.18,73.74,-0.0927,40210,0.0
10000 ticks (~20min),10000,0.12,0.2,76.51,-0.0887,40210,0.0
10000 ticks (~20min),10000,0.12,0.25,82.7,-0.0766,40210,0.0
10000 ticks (~20min),10000,0.12,0.3,86.2,-0.07,40210,0.0
10000 ticks (~20min),10000,0.12,0.35,88.8,-0.0643,40210,0.0
10000 ticks (~20min),10000,0.15,0.1,52.36,-0.1062,40210,0.09
10000 ticks (~20min),10000,0.15,0.12,57.68,-0.1006,40210,0.103
10000 ticks (~20min),10000,0.15,0.15,64.18,-0.0928,40210,0.121
10000 ticks (~20min),10000,0.15,0.18,69.77,-0.0843,40210,0.142
10000 ticks (~20min),10000,0.15,0.2,72.75,-0.0795,40210,0.155
10000 ticks (~20min),10000,0.15,0.25,79.55,-0.0649,40210,0.197
10000 ticks (~20min),10000,0.15,0.3,83.42,-0.0571,40210,0.226
10000 ticks (~20min),10000,0.15,0.35,86.34,-0.0504,40210,0.255
10000 ticks (~20min),10000,0.18,0.1,48.88,-0.1008,40210,0.195
10000 ticks (~20min),10000,0.18,0.12,54.2,-0.0943,40210,0.223
10000 ticks (~20min),10000,0.18,0.15,60.82,-0.0852,40210,0.263
10000 ticks (~20min),10000,0.18,0.18,66.64,-0.0751,40210,0.307
10000 ticks (~20min),10000,0.18,0.2,69.76,-0.0694,40210,0.334
10000 ticks (~20min),10000,0.18,0.25,77.04,-0.0522,40210,0.425
10000 ticks (~20min),10000,0.18,0.3,81.21,-0.043,40210,0.486
10000 ticks (~20min),10000,0.18,0.35,84.38,-0.0351,40210,0.546
10000 ticks (~20min),10000,0.2,0.1,46.97,-0.097,40210,0.253
10000 ticks (~20min),10000,0.2,0.12,52.28,-0.0899,40210,0.289
10000 ticks (~20min),10000,0.2,0.15,58.94,-0.0799,40210,0.341
10000 ticks (~20min),10000,0.2,0.18,64.86,-0.0688,40210,0.398
10000 ticks (~20min),10000,0.2,0.2,68.07,-0.0625,40210,0.432
10000 ticks (~20min),10000,0.2,0.25,75.6,-0.0435,40210,0.549
10000 ticks (~20min),10000,0.2,0.3,79.94,-0.0333,40210,0.627
10000 ticks (~20min),10000,0.2,0.35,83.26,-0.0246,40210,0.703
10000 ticks (~20min),10000,0.25,0.15,54.44,-0.0691,40210,0.486
10000 ticks (~20min),10000,0.25,0.18,60.47,-0.0559,40210,0.565
10000 ticks (~20min),10000,0.25,0.2,63.76,-0.0485,40210,0.612
10000 ticks (~20min),10000,0.25,0.25,71.69,-0.0258,40210,0.769
10000 ticks (~20min),10000,0.25,0.3,76.27,-0.0141,40210,0.866
10000 ticks (~20min),10000,0.25,0.35,79.81,-0.0041,40210,0.958
10000 ticks (~20min),10000,0.3,0.15,50.97,-0.058,40210,0.599
10000 ticks (~20min),10000,0.3,0.18,57.01,-0.0428,40210,0.694
10000 ticks (~20min),10000,0.3,0.2,60.33,-0.0343,40210,0.749
10000 ticks (~20min),10000,0.3,0.25,68.52,-0.0078,40210,0.937
10000 ticks (~20min),10000,0.3,0.3,73.24,0.0054,40210,1.045
10000 ticks (~20min),10000,0.3,0.35,77.06,0.0174,40050,1.154
10000 ticks (~20min),10000,0.35,0.18,54.08,-0.0303,40210,0.797
10000 ticks (~20min),10000,0.35,0.2,57.39,-0.0208,40210,0.859
10000 ticks (~20min),10000,0.35,0.25,65.72,0.0092,40210,1.068
10000 ticks (~20min),10000,0.35,0.3,70.58,0.0243,40003,1.186
10000 ticks (~20min),10000,0.35,0.35,74.96,0.0409,39104,1.33
10000 ticks (~20min),10000,0.4,0.2,54.25,-0.0114,40210,0.928
10000 ticks (~20min),10000,0.4,0.25,62.57,0.0211,39650,1.143
10000 ticks (~20min),10000,0.4,0.3,67.84,0.0401,38018,1.28
10000 ticks (~20min),10000,0.4,0.35,72.53,0.0599,37003,1.44
10000 ticks (~20min),10000,0.5,0.25,56.61,0.0381,35625,1.222
10000 ticks (~20min),10000,0.5,0.3,62.27,0.0625,33947,1.372
10000 ticks (~20min),10000,0.5,0.35,67.53,0.0891,32888,1.555
