tp_pct,sl_pct,win_rate,exp_val_pct,trades,profit_factor
0.07,0.1,61.3519284502849,-0.11649893236697292,48210.0,0.0
0.08,0.1,59.19856547553195,-0.11456279732271268,48208.0,0.0
0.1,0.1,54.885141029369,-0.11199694678685665,48146.0,0.0
0.12,0.1,51.80133594749988,-0.10826686052337528,48083.0,0.023364050041554577
0.15,0.1,47.34318348527717,-0.10454056376401549,47715.0,0.13681794616041132
0.18,0.1,43.38081938373927,-0.10202658281796916,47262.0,0.21653080544299064
0.2,0.1,41.20532286957263,-0.10020323296084617,46892.0,0.2590039583037643
0.25,0.1,32.97622311880606,-0.10963678561635784,43764.0,0.28878720541543906
0.3,0.1,26.13271975130345,-0.12154921303209067,40853.0,0.28456166588144444
0.35,0.1,21.430419442241046,-0.13034854959357917,39081.0,0.2786867127242886
0.4,0.1,18.34558726645058,-0.13552022557777954,37947.0,0.27839984104715804
0.5,0.1,14.835589765986098,-0.1387611229391855,36636.0,0.2915946596558296
0.6,0.1,12.113452826472326,-0.14338881229072287,35539.0,0.29064272211720227
0.07,0.15,70.81260648655228,-0.11359037475660216,47808.0,0.0
0.08,0.15,69.11192836177233,-0.11067577551365781,47786.0,0.0
0.1,0.15,65.41875236612964,-0.10664030622975643,47546.0,0.0
0.12,0.15,62.78561969965908,-0.10106098385597162,47324.0,0.030127380096150132
0.15,0.15,58.649182298149974,-0.09525507576082759,46594.0,0.17729148284631754
0.18,0.15,54.670586263052016,-0.09138647739247055,45552.0,0.27998125390347123
0.2,0.15,52.426350323619445,-0.088643821318789,44894.0,0.33453691635579746
0.25,0.15,43.663870951780105,-0.09879493555011257,40419.0,0.37368956387807534
0.3,0.15,35.876320838726855,-0.11317510809992014,36309.0,0.36966059975129667
0.35,0.15,29.74778905994104,-0.12679888634130365,33583.0,0.355389446901476
0.4,0.15,25.644042412306504,-0.13511116037046825,31989.0,0.35104075837250437
0.5,0.15,20.904133085295623,-0.14098751498278408,30227.0,0.3633967755012741
0.6,0.15,17.825504278203496,-0.1436348922717432,29101.0,0.3757409113284013
0.07,0.2,75.89523138360347,-0.1136985905567301,47300.0,0.0
0.08,0.2,74.47494105555892,-0.11029892388610121,47260.0,0.0
0.1,0.2,71.2625529856903,-0.10552295809507553,46868.0,0.0
0.12,0.2,69.01935483870967,-0.09878516129032257,46500.0,0.03375487486274651
0.15,0.2,65.40432280116504,-0.09127422177574758,45222.0,0.20051123946516317
0.18,0.2,61.687666762807325,-0.08633371628691108,43613.0,0.31714594237352
0.2,0.2,59.5307538515818,-0.08294737151593554,42515.0,0.37889707572367193
0.25,0.2,50.75287812146995,-0.09399911673516476,36984.0,0.42159907539173297
0.3,0.2,42.69399888524184,-0.11012590574100453,32294.0,0.4176615722783535
0.35,0.2,36.06600070688469,-0.12622709600610155,29322.0,0.40171683961145394
0.4,0.2,31.142324152309886,-0.1384747064632942,27339.0,0.390597609561753
0.5,0.2,25.460788570075383,-0.147955361723961,25337.0,0.39850506548060294
0.6,0.2,21.994134897360702,-0.15074780058651027,24211.0,0.4143882433356118
0.07,0.25,79.1837475446238,-0.11473444572551027,46836.0,0.0
0.08,0.25,77.98835321453222,-0.11094018140986378,46755.0,0.0
0.1,0.25,75.26759202781655,-0.10527328909846952,46139.0,0.0
0.12,0.25,73.55518325404738,-0.09681254447191756,45428.0,0.03659814956948081
0.15,0.25,70.50269843810743,-0.08741380148185414,43729.0,0.22014453014823304
0.18,0.25,67.21160819818668,-0.08090834351806926,41653.0,0.3506339232629633
0.2,0.25,65.32690557782037,-0.07622988906313527,40173.0,0.42143908825612525
0.25,0.25,57.05352899239544,-0.08617432568916349,33664.0,0.4719600098291727
0.3,0.25,49.05465535263708,-0.1028411972576005,28787.0,0.46877436692486224
0.35,0.25,42.0777834199185,-0.1212216319675013,25601.0,0.44925399356864487
0.4,0.25,36.752064005447274,-0.13559877436377565,23498.0,0.43580944691158663
0.5,0.25,30.267911603246844,-0.14845047623516164,21313.0,0.439771334877363
0.6,0.25,26.378362312379256,-0.15182716599791943,20187.0,0.4572992584408134
0.07,0.3,81.82755692039684,-0.11496390585647215,46047.0,0.0
0.08,0.3,80.81086350655457,-0.11079708914910943,45890.0,0.0
0.1,0.3,78.5469781502145,-0.10403004067660983,44989.0,0.0
0.12,0.3,77.05047853926737,-0.09483041835418694,44197.0,0.039039410843541913
0.15,0.3,74.68757696371682,-0.0827027671187168,41957.0,0.2401675008375772
0.18,0.3,71.78598532759929,-0.0746593726283835,39530.0,0.3846092093273475
0.2,0.3,70.00578612382304,-0.0694702014623113,38022.0,0.46136742000027736
0.25,0.3,62.316301844996936,-0.07791289457576728,31190.0,0.51917463796179
0.3,0.3,54.57324062046306,-0.0943745701841522,26174.0,0.5168580202241477
0.35,0.3,47.48924589588272,-0.11419651479237997,22782.0,0.4942497118051977
0.4,0.3,41.924365260449534,-0.13024078838778583,20599.0,0.47846363496750643
0.5,0.3,35.03312696861084,-0.14448001520582168,18414.0,0.4828132867037707
0.6,0.3,30.801712170291534,-0.1481643336418325,17288.0,0.5020567291785331
0.07,0.35,86.08933667668165,-0.10551138545643479,44267.0,0.0
0.08,0.35,85.39433253670194,-0.09999522021167631,43935.0,0.0
0.1,0.35,83.92358337379717,-0.08975533731184311,42562.0,0.0
0.12,0.35,82.87003705379539,-0.07808032028909236,41521.0,0.050392960881153616
0.15,0.35,80.9385774486017,-0.06316632613970118,39155.0,0.3096186161541726
0.18,0.35,78.59012088137234,-0.0516838411965207,36468.0,0.4970795091237303
0.2,0.35,77.12209105006761,-0.04426018556711797,34822.0,0.5969530251506299
0.25,0.35,70.60696248196248,-0.045767180735930724,27720.0,0.675609255622718
0.3,0.35,63.642005408041136,-0.05678066403652644,22559.0,0.6746436336665854
0.35,0.35,56.87923873613374,-0.07331344303664372,19021.0,0.6457939628545882
0.4,0.35,51.288751633210595,-0.08764105000593893,16838.0,0.6251676420385273
0.5,0.35,44.02511431106258,-0.09918276120930865,14653.0,0.6308509611476876
0.6,0.35,39.365713018407625,-0.10012086937236636,13527.0,0.6559947268958791
